{"initial_reset_timestamp": 1603667790.158679, "timestamps": [1603667804.9254751], "episode_lengths": [500], "episode_rewards": [500.0], "episode_types": ["t"]}