{"initial_reset_timestamp": 1603667849.36513, "timestamps": [1603667864.0197902], "episode_lengths": [500], "episode_rewards": [500.0], "episode_types": ["t"]}