{"initial_reset_timestamp": 1603667819.683846, "timestamps": [1603667834.344456], "episode_lengths": [500], "episode_rewards": [500.0], "episode_types": ["t"]}