{"initial_reset_timestamp": 1603667767.636636, "timestamps": [1603667790.0040598], "episode_lengths": [500], "episode_rewards": [500.0], "episode_types": ["t"]}