{"initial_reset_timestamp": 1603667805.06163, "timestamps": [1603667819.5241432], "episode_lengths": [500], "episode_rewards": [500.0], "episode_types": ["t"]}