{"initial_reset_timestamp": 1603667834.48752, "timestamps": [1603667849.230915], "episode_lengths": [500], "episode_rewards": [500.0], "episode_types": ["t"]}